DrugID,DiseaseID
DB00555,0
DB00949,0
DB01068,0
DB00190,1
DB00193,1
DB00230,1
DB00268,1
DB00413,1
DB00564,1
DB00575,1
DB00996,1
DB01068,1
DB01200,1
DB01235,1
DB05271,1
DB00282,2
DB00169,3
DB00282,3
DB00286,3
DB00399,3
DB00481,3
DB00603,3
DB00630,3
DB00710,3
DB00717,3
DB00783,3
DB00884,3
DB00977,3
DB00999,3
DB00712,4
DB00635,5
DB00687,5
DB00860,5
DB00331,6
DB00635,6
DB00834,6
DB01046,6
DB00215,7
DB00475,7
DB00575,7
DB00659,7
DB00704,7
DB00822,7
DB00904,7
DB00252,8
DB00313,8
DB00350,8
DB00421,8
DB00490,8
DB00532,8
DB00564,8
DB00620,8
DB00795,8
DB01216,8
DB00163,9
DB00313,9
DB00382,9
DB00674,9
DB00843,9
DB00989,9
DB01037,9
DB01043,9
DB00163,10
DB00382,10
DB00674,10
DB00843,10
DB00989,10
DB01037,10
DB01043,10
DB00984,11
DB01406,11
DB06196,11
DB06718,11
DB08804,11
DB00179,12
DB00544,12
DB00586,12
DB00724,12
DB00936,12
DB00992,12
DB00682,13
DB00945,13
DB00747,14
DB00745,15
DB00351,16
DB00470,16
DB00635,16
DB00959,16
DB01072,16
DB01157,16
DB01232,16
DB01216,17
DB00213,18
DB00338,18
DB00364,18
DB00448,18
DB00501,18
DB00585,18
DB00604,18
DB00736,18
DB00863,18
DB00883,18
DB00927,18
DB01019,18
DB01020,18
DB01129,18
DB01233,18
DB00242,19
DB00262,19
DB00290,19
DB00444,19
DB00541,19
DB00563,19
DB00987,19
DB01033,19
DB01073,19
DB01181,19
DB01204,19
DB00305,20
DB00385,20
DB00515,20
DB00563,20
DB00958,20
DB00997,20
DB00264,21
DB00335,21
DB00571,21
DB00598,21
DB00612,21
DB01203,21
DB04861,21
DB00434,22
DB00536,22
DB00755,23
DB00014,24
DB00282,24
DB00286,24
DB00351,24
DB00441,24
DB00445,24
DB00481,24
DB00544,24
DB00563,24
DB00570,24
DB00624,24
DB00675,24
DB00783,24
DB00947,24
DB00990,24
DB00997,24
DB01006,24
DB01101,24
DB01185,24
DB01217,24
DB01229,24
DB01248,24
DB01259,24
DB00544,25
DB00563,25
DB00650,25
DB00762,25
DB01101,25
DB00398,26
DB00257,27
DB00620,27
DB01099,27
DB01110,27
DB01167,27
DB01188,27
DB00204,28
DB00252,28
DB00280,28
DB00379,28
DB00571,28
DB00661,28
DB00908,28
DB01035,28
DB01064,28
DB01113,28
DB01118,28
DB01228,28
DB00661,29
DB00162,30
DB00963,31
DB00915,32
DB01174,33
DB00794,34
DB01174,34
DB00755,35
DB00381,36
DB00393,36
DB00682,36
DB00722,36
DB00758,36
DB00790,36
DB00806,36
DB00945,36
DB01219,36
DB00163,37
DB00190,37
DB00245,37
DB00268,37
DB00313,37
DB00382,37
DB00387,37
DB00413,37
DB00674,37
DB00747,37
DB00810,37
DB00843,37
DB00989,37
DB01043,37
DB00443,38
DB00635,38
DB00741,38
DB00936,38
DB01013,38
DB01188,38
DB01234,38
DB00035,39
DB00999,39
DB00222,40
DB00284,40
DB00331,40
DB00412,40
DB00414,40
DB00491,40
DB00672,40
DB00731,40
DB00839,40
DB00912,40
DB01016,40
DB01029,40
DB01067,40
DB01124,40
DB01132,40
DB01261,40
DB00222,41
DB00284,41
DB00331,41
DB00412,41
DB00414,41
DB00491,41
DB00672,41
DB00731,41
DB00839,41
DB00912,41
DB01016,41
DB01029,41
DB01067,41
DB01124,41
DB01132,41
DB01261,41
DB00104,42
DB08907,42
DB00222,43
DB00284,43
DB00331,43
DB00412,43
DB00414,43
DB00491,43
DB00672,43
DB00731,43
DB00839,43
DB00912,43
DB01016,43
DB01029,43
DB01067,43
DB01120,43
DB01124,43
DB01132,43
DB01261,43
DB00181,44
DB00242,44
DB00635,44
DB00745,44
DB00860,44
DB00915,44
DB00993,44
DB01204,44
DB01219,44
DB00653,45
DB00502,46
DB00181,47
DB00564,47
DB00014,48
DB00304,48
DB00367,48
DB00603,48
DB00717,48
DB00957,48
DB00977,48
DB01406,48
DB00215,49
DB00285,49
DB00472,49
DB00715,49
DB01104,49
DB00619,50
DB00794,51
DB00794,52
DB00794,53
DB00515,54
DB00563,54
DB00958,54
DB00328,55
DB00443,55
DB00620,55
DB00635,55
DB00788,55
DB01234,55
DB00328,56
DB00605,56
DB00788,56
DB00814,56
DB00035,57
DB00302,57
DB00035,58
DB00302,58
DB00302,59
DB00302,60
DB00153,61
DB01070,61
DB00995,62
DB00482,63
DB00201,64
DB00745,64
DB01576,64
DB00305,65
DB00544,65
DB00563,65
DB00997,65
DB01101,65
DB01248,65
DB00759,66
DB00246,67
DB00502,67
DB00575,67
DB00657,67
DB00734,67
DB00195,68
DB00287,68
DB00373,68
DB00388,68
DB00449,68
DB00484,68
DB00521,68
DB00654,68
DB00668,68
DB00869,68
DB00905,68
DB01194,68
DB01210,68
DB01214,68
DB00287,69
DB00373,69
DB00388,69
DB00449,69
DB00484,69
DB00654,69
DB00668,69
DB00819,69
DB00869,69
DB00905,69
DB01144,69
DB01194,69
DB01214,69
DB00262,70
DB00279,71
DB00451,71
DB00279,72
DB00451,72
DB00122,73
DB00141,73
DB00193,73
DB00201,73
DB00316,73
DB00318,73
DB00328,73
DB00461,73
DB00469,73
DB00482,73
DB00500,73
DB00554,73
DB00573,73
DB00586,73
DB00605,73
DB00712,73
DB00749,73
DB00784,73
DB00788,73
DB00814,73
DB00861,73
DB00929,73
DB00939,73
DB00945,73
DB00959,73
DB00991,73
DB01009,73
DB01050,73
DB01068,73
DB01283,73
DB01296,73
DB01399,73
DB01628,73
DB00571,74
DB00181,75
DB04844,75
DB00182,76
DB00285,76
DB00289,76
DB00422,76
DB00458,76
DB00540,76
DB00575,76
DB00745,76
DB01018,76
DB01151,76
DB01156,76
DB01255,76
DB01576,76
DB01577,76
DB01174,77
DB00282,78
DB00399,78
DB00635,78
DB00695,78
DB00641,79
DB00973,79
DB01076,79
DB01098,79
DB00175,80
DB00227,80
DB00627,80
DB00641,80
DB01039,80
DB01076,80
DB01095,80
DB01098,80
DB01241,80
DB00321,81
DB00424,81
DB00575,81
DB00996,81
DB01062,81
DB01162,81
DB01098,82
DB00641,83
DB00973,83
DB01076,83
DB01098,83
DB00627,84
DB00636,84
DB01039,84
DB01241,84
DB00398,85
DB00441,85
DB00530,85
DB00603,85
DB01005,85
DB01101,85
DB01268,85
DB01590,85
DB06287,85
DB00755,86
DB00755,87
DB00381,88
DB00657,88
DB00678,88
DB00966,88
DB01088,88
DB01258,88
DB01275,88
DB00140,89
DB00201,89
DB00241,89
DB00316,89
DB00318,89
DB00320,89
DB00354,89
DB00366,89
DB00371,89
DB00388,89
DB00433,89
DB00477,89
DB00508,89
DB00514,89
DB00537,89
DB00557,89
DB00757,89
DB00767,89
DB00788,89
DB00852,89
DB00889,89
DB00904,89
DB00945,89
DB01009,89
DB01050,89
DB01075,89
DB01176,89
DB01231,89
DB01234,89
DB01399,89
DB01219,90
DB01098,91
DB00644,92
DB00136,93
DB00146,93
DB00153,93
DB00169,93
DB01070,93
DB00136,94
DB00153,94
DB00178,94
DB00214,94
DB00492,94
DB00519,94
DB00542,94
DB00584,94
DB00678,94
DB00691,94
DB00695,94
DB00722,94
DB00790,94
DB00881,94
DB00887,94
DB00988,94
DB01029,94
DB01070,94
DB01197,94
DB00211,95
DB00368,95
DB00388,95
DB00755,96
DB00635,97
DB00860,97
DB00959,97
DB00819,98
DB00122,99
DB00181,99
DB00193,99
DB00201,99
DB00230,99
DB00273,99
DB00281,99
DB00285,99
DB00295,99
DB00297,99
DB00316,99
DB00321,99
DB00327,99
DB00328,99
DB00333,99
DB00346,99
DB00356,99
DB00454,99
DB00457,99
DB00458,99
DB00461,99
DB00465,99
DB00476,99
DB00482,99
DB00497,99
DB00508,99
DB00527,99
DB00540,99
DB00557,99
DB00573,99
DB00575,99
DB00586,99
DB00590,99
DB00605,99
DB00611,99
DB00647,99
DB00652,99
DB00686,99
DB00706,99
DB00721,99
DB00749,99
DB00750,99
DB00788,99
DB00813,99
DB00844,99
DB00861,99
DB00898,99
DB00899,99
DB00907,99
DB00921,99
DB00924,99
DB00936,99
DB00939,99
DB00945,99
DB00956,99
DB00996,99
DB01002,99
DB01050,99
DB01086,99
DB01142,99
DB01151,99
DB01161,99
DB01162,99
DB01173,99
DB01189,99
DB01192,99
DB01204,99
DB01216,99
DB01221,99
DB01399,99
DB01403,99
DB00342,100
DB00366,100
DB00388,100
DB00397,100
DB00434,100
DB00620,100
DB00635,100
DB00637,100
DB00668,100
DB00860,100
DB00959,100
DB01069,100
DB01075,100
DB00523,101
DB00570,101
DB00694,101
DB01229,101
DB00620,102
DB00586,103
DB00630,103
DB00788,103
DB00945,103
DB01050,103
DB00694,104
DB00242,105
DB01033,105
DB01073,105
DB01181,105
DB00443,106
DB00563,106
DB00620,106
DB00635,106
DB00755,106
DB01013,106
DB00091,107
DB00620,107
DB00635,107
DB00860,107
DB00945,107
DB00993,107
DB01234,107
DB01611,107
DB00460,108
DB00699,108
DB00712,109
DB01234,109
DB01219,110
DB01219,111
DB00692,112
DB01148,112
DB01210,112
DB01225,112
DB00290,113
DB00851,113
DB00853,113
DB01005,113
DB01248,113
DB00290,114
DB00851,114
DB00853,114
DB01005,114
DB01248,114
DB00829,115
DB01231,115
DB00490,116
DB00201,117
DB00216,117
DB00241,117
DB00273,117
DB00315,117
DB00316,117
DB00320,117
DB00328,117
DB00353,117
DB00373,117
DB00434,117
DB00571,117
DB00635,117
DB00661,117
DB00669,117
DB00696,117
DB00697,117
DB00788,117
DB00918,117
DB00924,117
DB00945,117
DB00952,117
DB00953,117
DB00996,117
DB00998,117
DB01173,117
DB01233,117
DB00211,118
DB00264,118
DB00335,118
DB00571,118
DB00598,118
DB00612,118
DB00687,118
DB01203,118
DB04861,118
DB00457,119
DB01019,119
DB01162,119
DB01400,119
DB00747,120
DB01069,120
DB01075,120
DB00993,121
DB00697,122
DB00924,122
DB01173,122
DB00182,123
DB00745,123
DB01440,123
DB00177,124
DB00178,124
DB00187,124
DB00195,124
DB00203,124
DB00206,124
DB00214,124
DB00226,124
DB00264,124
DB00270,124
DB00275,124
DB00287,124
DB00310,124
DB00325,124
DB00343,124
DB00350,124
DB00364,124
DB00373,124
DB00374,124
DB00381,124
DB00401,124
DB00421,124
DB00436,124
DB00449,124
DB00457,124
DB00484,124
DB00492,124
DB00519,124
DB00521,124
DB00524,124
DB00542,124
DB00559,124
DB00571,124
DB00575,124
DB00590,124
DB00594,124
DB00598,124
DB00622,124
DB00654,124
DB00657,124
DB00661,124
DB00678,124
DB00691,124
DB00692,124
DB00695,124
DB00722,124
DB00796,124
DB00800,124
DB00808,124
DB00820,124
DB00869,124
DB00876,124
DB00880,124
DB00881,124
DB00883,124
DB00887,124
DB00903,124
DB00905,124
DB00960,124
DB00966,124
DB00968,124
DB00988,124
DB00999,124
DB01018,124
DB01023,124
DB01029,124
DB01085,124
DB01088,124
DB01115,124
DB01136,124
DB01162,124
DB01170,124
DB01189,124
DB01193,124
DB01194,124
DB01197,124
DB01203,124
DB01210,124
DB01240,124
DB01244,124
DB01258,124
DB01275,124
DB01359,124
DB04861,124
DB00176,125
DB00215,125
DB00285,125
DB00334,125
DB00472,125
DB00715,125
DB00904,125
DB01104,125
DB01175,125
DB01224,125
DB01238,125
DB01242,125
DB00490,126
DB00230,127
DB00252,127
DB00476,127
DB00564,127
DB00620,127
DB00996,127
DB00122,128
DB00141,128
DB00193,128
DB00328,128
DB00461,128
DB00469,128
DB00482,128
DB00500,128
DB00554,128
DB00573,128
DB00586,128
DB00605,128
DB00712,128
DB00749,128
DB00784,128
DB00788,128
DB00814,128
DB00861,128
DB00939,128
DB00945,128
DB00991,128
DB01009,128
DB01050,128
DB01068,128
DB01283,128
DB01296,128
DB01399,128
DB01628,128
DB00214,129
DB00282,129
DB00695,129
DB00887,129
DB00988,129
DB00136,130
DB00146,130
DB00153,130
DB00169,130
DB00282,130
DB00286,130
DB00481,130
DB00630,130
DB00710,130
DB00884,130
DB01070,130
DB00440,131
DB00535,131
DB00537,131
DB00741,131
DB01086,131
DB01137,131
DB01165,131
DB01234,131
DB00282,132
DB00399,132
DB00630,132
DB00884,132
DB01133,132
DB00176,133
DB00186,133
DB00215,133
DB00285,133
DB00404,133
DB00458,133
DB00472,133
DB00490,133
DB00540,133
DB00715,133
DB01068,133
DB01104,133
DB01151,133
DB01156,133
DB01242,133
DB00190,134
DB00245,134
DB00268,134
DB00323,134
DB00376,134
DB00387,134
DB00413,134
DB00494,134
DB00714,134
DB00747,134
DB00810,134
DB00915,134
DB00989,134
DB01186,134
DB01200,134
DB01235,134
DB01367,134
DB00190,135
DB00245,135
DB00268,135
DB00323,135
DB00376,135
DB00387,135
DB00392,135
DB00413,135
DB00424,135
DB00494,135
DB00589,135
DB00714,135
DB00747,135
DB00989,135
DB01037,135
DB01173,135
DB01186,135
DB01235,135
DB01367,135
DB05271,135
DB00268,136
DB00323,136
DB00376,136
DB00387,136
DB00392,136
DB00413,136
DB00424,136
DB00494,136
DB00589,136
DB00714,136
DB00989,136
DB01037,136
DB01173,136
DB01186,136
DB01235,136
DB05271,136
DB00115,137
DB00200,137
DB00571,138
DB00575,138
DB00598,138
DB00692,138
DB00765,138
DB00925,138
DB00620,139
DB00675,140
DB01217,140
DB00482,141
DB00605,141
DB00482,142
DB00331,143
DB00650,143
DB00014,144
DB00286,144
DB00499,144
DB00783,144
DB01101,144
DB01128,144
DB01196,144
DB01204,144
DB01248,144
DB00203,145
DB00374,145
DB00559,145
DB00820,145
DB00883,145
DB01088,145
DB01240,145
DB06268,145
DB00270,146
DB00343,146
DB00381,146
DB00401,146
DB00457,146
DB00528,146
DB00590,146
DB00727,146
DB01023,146
DB01113,146
DB01115,146
DB01197,146
DB00608,147
DB00620,147
DB00635,147
DB00993,147
DB01234,147
DB01058,148
DB06803,148
DB00246,149
DB00313,149
DB00334,149
DB00363,149
DB00408,149
DB00434,149
DB00472,149
DB00477,149
DB00502,149
DB00555,149
DB00564,149
DB00623,149
DB00679,149
DB00734,149
DB00831,149
DB00933,149
DB01063,149
DB01068,149
DB01224,149
DB01238,149
DB01267,149
DB01356,149
DB01623,149
DB00755,150
DB00444,151
DB00515,151
DB00563,151
DB00773,151
DB01030,151
DB00215,152
DB00433,152
DB00502,152
DB00734,152
DB00304,153
DB00331,153
DB00367,153
DB00717,153
DB00882,153
DB00977,153
DB01395,153
DB00635,154
DB01005,155
DB00570,156
DB00620,156
DB00635,156
DB00993,156
DB01234,156
DB01240,156
DB00208,157
DB00278,157
DB00407,157
DB00569,157
DB00806,157
DB01225,157
DB00398,158
DB00997,158
DB00575,159
DB00181,160
DB00186,160
DB00653,161
DB00727,161
DB00264,162
DB00571,162
DB00794,162
DB00909,162
DB00996,162
DB01203,162
DB08824,162
DB00213,163
DB00338,163
DB00364,163
DB00424,163
DB00448,163
DB00501,163
DB00572,163
DB00585,163
DB00736,163
DB00747,163
DB00794,163
DB00863,163
DB00927,163
DB00929,163
DB01129,163
DB01174,163
DB01203,163
DB00181,164
DB00564,164
DB00697,164
DB00856,164
DB00898,164
DB00635,165
DB00771,166
DB01003,166
DB01033,166
DB01222,166
DB01019,167
DB00286,168
DB00304,168
DB00351,168
DB00367,168
DB00603,168
DB00717,168
DB00957,168
DB00977,168
DB00464,169
DB00553,170
DB04571,170
DB00035,171
DB00541,172
DB00997,172
DB01229,172
DB00131,173
DB00640,173
DB00163,174
DB00346,174
DB00371,174
DB00424,174
DB00457,174
DB00468,174
DB00590,174
DB00661,174
DB00697,174
DB00706,174
DB00924,174
DB01162,174
DB01173,174
DB01216,174
DB00635,175
DB00984,176
DB08804,176
DB00384,177
DB00695,177
DB00880,177
DB00887,177
DB00903,177
DB00635,178
DB00860,178
DB00126,179
DB01174,180
DB00122,181
DB00328,181
DB00482,181
DB00500,181
DB00554,181
DB00573,181
DB00586,181
DB00605,181
DB00712,181
DB00749,181
DB00788,181
DB00814,181
DB00861,181
DB00945,181
DB00991,181
DB01009,181
DB01050,181
DB01068,181
DB01296,181
DB00214,182
DB00384,182
DB00421,182
DB00594,182
DB00695,182
DB00887,182
DB00903,182
DB00999,182
DB00180,183
DB00218,183
DB00221,183
DB00277,183
DB00332,183
DB00394,183
DB00440,183
DB00471,183
DB00535,183
DB00537,183
DB00549,183
DB00588,183
DB00620,183
DB00635,183
DB00651,183
DB00668,183
DB00716,183
DB00744,183
DB00764,183
DB00816,183
DB00852,183
DB00871,183
DB00938,183
DB00959,183
DB00983,183
DB01001,183
DB01003,183
DB01064,183
DB01137,183
DB01222,183
DB01223,183
DB01234,183
DB01291,183
DB01364,183
DB01410,183
DB00776,184
DB00794,184
DB00909,184
DB00996,184
DB00380,185
DB00563,186
DB00635,186
DB00993,186
DB01065,187
DB00221,188
DB00277,188
DB00332,188
DB00384,188
DB00471,188
DB00651,188
DB00695,188
DB00816,188
DB00871,188
DB00880,188
DB00887,188
DB00903,188
DB00983,188
DB01222,188
DB01223,188
DB00997,189
DB00257,190
DB01026,190
DB01099,190
DB01110,190
DB01167,190
DB01427,191
DB00380,192
DB00380,193
DB00583,194
DB00380,195
DB00963,195
DB00214,196
DB00232,196
DB00384,196
DB00421,196
DB00436,196
DB00524,196
DB00594,196
DB00695,196
DB00808,196
DB00819,196
DB00860,196
DB00880,196
DB00887,196
DB00903,196
DB00999,196
DB01197,196
DB01234,196
DB01406,196
DB00286,197
DB00624,197
DB00655,197
DB00717,197
DB00783,197
DB00977,197
DB01185,197
DB01219,198
DB00165,199
DB00252,199
DB00313,199
DB00396,199
DB00555,199
DB00593,199
DB00653,199
DB00754,199
DB00776,199
DB00794,199
DB00819,199
DB00829,199
DB00906,199
DB00909,199
DB01080,199
DB01174,199
DB01202,199
DB01320,199
DB01351,199
DB00434,200
DB00536,200
DB01174,201
DB00159,202
DB08820,202
DB00847,203
DB00847,204
DB00859,205
DB00125,206
DB08907,207
DB00444,208
DB00541,208
DB00563,208
DB00620,208
DB00635,208
DB00694,208
DB00762,208
DB00987,208
DB01008,208
DB01073,208
DB01177,208
DB01234,208
DB01254,208
DB00167,209
DB00215,209
DB00380,209
DB00433,209
DB00734,209
DB00167,210
DB00215,210
DB00433,210
DB00734,210
DB00380,211
DB00424,212
DB00475,212
DB00572,212
DB00747,212
DB00771,212
DB01174,212
DB00302,213
DB00163,214
DB00419,215
DB00419,216
DB00419,217
DB00563,218
DB00917,218
DB00692,219
DB01148,219
DB01210,219
DB01225,219
DB00163,220
DB00178,221
DB00492,221
DB00519,221
DB00638,221
DB00722,221
DB00881,221
DB01390,221
DB00240,222
DB00337,222
DB00547,222
DB00563,222
DB00596,222
DB00635,222
DB00741,222
DB00764,222
DB00846,222
DB00993,222
DB01234,222
DB01260,222
DB01359,223
DB00262,224
DB00290,224
DB00361,224
DB00428,224
DB00444,224
DB00515,224
DB00541,224
DB00563,224
DB00570,224
DB00773,224
DB00851,224
DB00987,224
DB00997,224
DB01073,224
DB01181,224
DB01204,224
DB01174,225
DB01174,226
DB01219,227
DB00165,228
DB00313,228
DB00555,228
DB00653,228
DB00754,228
DB00819,228
DB00909,228
DB01202,228
DB01320,228
DB01351,228
DB00635,229
DB00687,229
DB00860,229
DB00126,230
DB00624,231
DB01185,231
DB00153,232
DB01070,232
DB00755,233
DB00819,234
DB01041,235
DB01045,235
DB00328,236
DB00482,237
DB00541,237
DB00563,237
DB00762,237
DB00987,237
DB01008,237
DB00928,238
DB01262,238
DB00262,239
DB00290,239
DB00444,239
DB00541,239
DB00563,239
DB00619,239
DB00631,239
DB00635,239
DB00694,239
DB00987,239
DB00997,239
DB01033,239
DB01073,239
DB01177,239
DB01181,239
DB01204,239
DB01254,239
DB00653,240
DB01394,241
DB00126,242
DB00186,243
DB00211,243
DB00321,243
DB00404,243
DB00472,243
DB00540,243
DB00545,243
DB00687,243
DB00715,243
DB00788,243
DB01050,243
DB01104,243
DB00091,244
DB00545,244
DB00733,244
DB00993,244
DB01122,244
DB01400,244
DB00307,245
DB00531,245
DB00563,245
DB00570,245
DB00635,245
DB00888,245
DB01234,245
DB02546,245
DB01008,246
DB00188,247
DB00262,247
DB00282,247
DB00399,247
DB00480,247
DB00515,247
DB00541,247
DB00997,247
DB01041,247
DB01042,247
DB01068,248
DB01068,249
DB00279,250
DB00451,250
DB00436,251
DB00695,251
DB00808,251
DB00880,251
DB00887,251
DB00903,251
DB00515,252
DB00541,252
DB00851,252
DB00997,252
DB01042,252
DB00419,253
DB00419,254
DB00242,255
DB00537,255
DB00928,255
DB01167,255
DB00490,256
DB00515,257
DB00563,257
DB00650,257
DB00958,257
DB00997,257
DB00153,258
DB00268,259
DB00323,259
DB00376,259
DB00387,259
DB00392,259
DB00413,259
DB00424,259
DB00494,259
DB00589,259
DB00714,259
DB00989,259
DB01037,259
DB01173,259
DB01186,259
DB01235,259
DB05271,259
DB01241,260
DB00424,261
DB00969,261
DB01113,261
DB00167,262
DB00215,262
DB00433,262
DB00734,262
DB00158,263
DB00160,264
DB00888,265
DB01005,265
DB01008,265
DB00328,266
DB00191,267
DB00273,267
DB00397,267
DB00501,267
DB00865,267
DB00937,267
DB01083,267
DB01105,267
DB01156,267
DB01577,267
DB01579,267
DB00136,268
DB00146,268
DB00153,268
DB00169,268
DB01070,268
DB00203,269
DB00374,269
DB00559,269
DB01088,269
DB01240,269
DB06268,269
DB00163,270
DB00169,271
DB00244,271
DB00537,271
DB00741,271
DB00795,271
DB00860,271
DB00993,271
DB01014,271
DB01033,271
DB01222,271
DB01250,271
DB00262,272
DB00290,272
DB00444,272
DB00541,272
DB00563,272
DB00987,272
DB01073,272
DB01204,272
DB00776,273
DB00794,273
DB00909,273
DB00996,273
DB00541,274
DB00563,274
DB00851,274
DB00997,274
DB01042,274
DB00357,275
DB00787,275
DB00882,276
DB00290,277
DB00515,277
DB00563,277
DB00570,277
DB00773,277
DB01181,277
DB00692,278
DB01148,278
DB01210,278
DB01225,278
DB00279,279
DB00451,279
DB00550,279
DB00763,279
DB00242,280
DB00255,280
DB00262,280
DB00282,280
DB00307,280
DB00399,280
DB00445,280
DB00515,280
DB00541,280
DB00544,280
DB00552,280
DB00563,280
DB00570,280
DB00619,280
DB00635,280
DB00642,280
DB00694,280
DB00755,280
DB00762,280
DB00773,280
DB00848,280
DB00851,280
DB00853,280
DB00860,280
DB00958,280
DB00959,280
DB00987,280
DB00997,280
DB01005,280
DB01008,280
DB01030,280
DB01073,280
DB01101,280
DB01143,280
DB01169,280
DB01181,280
DB01234,280
DB01248,280
DB01254,280
DB01259,280
DB02546,280
DB00162,281
DB00136,282
DB00146,282
DB00153,282
DB00169,282
DB01070,282
DB00136,283
DB00163,283
DB00035,284
DB00152,285
DB00859,286
DB00324,287
DB00635,288
DB00216,289
DB00273,289
DB00320,289
DB00373,289
DB00434,289
DB00571,289
DB00669,289
DB00696,289
DB08907,290
DB00490,291
DB01065,292
DB00776,293
DB00794,293
DB00909,293
DB00996,293
DB01202,293
DB00334,294
DB00734,294
DB01255,294
DB01065,295
DB01065,296
DB00191,297
DB00397,297
DB00865,297
DB01083,297
DB01105,297
DB01577,297
DB01579,297
DB00338,298
DB00501,298
DB00585,298
DB00604,298
DB00635,298
DB00804,298
DB00860,298
DB00863,298
DB00927,298
DB00035,299
DB00380,300
DB00136,301
DB00146,301
DB00153,301
DB00169,301
DB01070,301
DB00465,302
DB00586,302
DB00273,303
DB01080,303
DB01174,304
DB00437,305
DB00706,305
DB00988,305
DB00286,306
DB00655,306
DB00783,306
DB00977,306
DB00434,307
DB00536,307
DB00682,308
DB00758,308
DB00806,308
DB01219,308
DB00268,309
DB00323,309
DB00376,309
DB00387,309
DB00392,309
DB00413,309
DB00424,309
DB00494,309
DB00589,309
DB00714,309
DB00989,309
DB01037,309
DB01173,309
DB01186,309
DB01235,309
DB05271,309
DB00136,310
DB00146,310
DB00153,310
DB00169,310
DB01070,310
DB00346,311
DB00457,311
DB00590,311
DB00706,311
DB01162,311
DB01216,311
DB00268,312
DB00323,312
DB00376,312
DB00387,312
DB00392,312
DB00413,312
DB00424,312
DB00494,312
DB00589,312
DB00714,312
DB00989,312
DB01037,312
DB01173,312
DB01186,312
DB01235,312
DB05271,312
DB00776,313
DB00794,313
DB00909,313
DB00996,313
DB01202,313
DB00213,314
DB00338,314
DB00448,314
DB00585,314
DB00736,314
DB00759,314
DB00927,314
DB01129,314
DB01165,314
DB08907,315
DB00214,316
DB00384,316
DB00421,316
DB00436,316
DB00635,316
DB00695,316
DB00804,316
DB00808,316
DB00819,316
DB00860,316
DB00880,316
DB00887,316
DB00903,316
DB00999,316
DB01197,316
DB01234,316
DB01406,316
DB01219,317
DB00222,318
DB00284,318
DB00331,318
DB00412,318
DB00414,318
DB00491,318
DB00672,318
DB00731,318
DB00839,318
DB00912,318
DB01016,318
DB01029,318
DB01067,318
DB01124,318
DB01132,318
DB01261,318
DB00035,319
DB00458,319
DB00540,319
DB00248,320
DB01327,321
DB00180,322
DB00221,322
DB00277,322
DB00332,322
DB00394,322
DB00471,322
DB00588,322
DB00651,322
DB00668,322
DB00716,322
DB00744,322
DB00764,322
DB00816,322
DB00852,322
DB00871,322
DB00938,322
DB00983,322
DB01001,322
DB01003,322
DB01064,322
DB01222,322
DB01223,322
DB01291,322
DB01364,322
DB00035,323
DB00458,323
DB00540,323
DB00928,324
DB01262,324
DB00181,325
DB00371,325
DB00575,325
DB00697,325
DB00829,325
DB00924,325
DB01219,325
DB08907,326
DB08907,327
DB00175,328
DB00393,328
DB00682,328
DB00758,328
DB00806,328
DB00945,328
DB00975,328
DB01219,328
DB00014,329
DB00286,329
DB01196,329
DB00541,330
DB01234,330
DB01406,330
DB00276,331
DB00352,331
DB00541,331
DB00563,331
DB00619,331
DB00694,331
DB00982,331
DB00987,331
DB00997,331
DB01008,331
DB01177,331
DB01204,331
DB01254,331
DB08901,331
DB00191,332
DB00397,332
DB00865,332
DB00937,332
DB01083,332
DB01105,332
DB01577,332
DB01579,332
DB08907,333
DB00287,334
DB00373,334
DB00388,334
DB00449,334
DB00484,334
DB00654,334
DB00668,334
DB00869,334
DB00905,334
DB01194,334
DB01214,334
DB00635,335
DB00860,335
DB00945,335
DB01611,335
DB01219,336
DB01219,337
DB08907,338
DB08907,339
DB00437,340
DB01167,340
DB00399,341
DB00630,341
DB00884,341
DB01077,341
DB01133,341
DB00163,342
DB00382,342
DB00674,342
DB00843,342
DB00989,342
DB01037,342
DB01043,342
DB08824,343
DB00268,344
DB00323,344
DB00376,344
DB00387,344
DB00392,344
DB00413,344
DB00424,344
DB00494,344
DB00589,344
DB00714,344
DB00989,344
DB01037,344
DB01173,344
DB01186,344
DB01235,344
DB05271,344
DB00276,345
DB00619,345
DB00997,345
DB01008,345
DB01177,345
DB01254,345
DB08901,345
DB00328,346
DB01197,346
DB00253,347
DB00271,347
DB00283,347
DB00337,347
DB00341,347
DB00342,347
DB00394,347
DB00427,347
DB00434,347
DB00443,347
DB00455,347
DB00557,347
DB00588,347
DB00591,347
DB00620,347
DB00635,347
DB00663,347
DB00719,347
DB00741,347
DB00748,347
DB00751,347
DB00759,347
DB00764,347
DB00768,347
DB00835,347
DB00852,347
DB00864,347
DB00873,347
DB00920,347
DB00950,347
DB00967,347
DB00972,347
DB01069,347
DB01071,347
DB01084,347
DB01106,347
DB01142,347
DB01146,347
DB01234,347
DB01246,347
DB01410,347
DB01620,347
DB08799,347
DB08800,347
DB08801,347
DB08802,347
DB08803,347
DB08835,347
DB08906,347
DB08907,348
DB00763,349
DB00482,350
DB00500,350
DB00563,350
DB00945,350
DB01050,350
DB00199,351
DB00210,351
DB00421,351
DB00440,351
DB00548,351
DB00717,351
DB00755,351
DB00759,351
DB00936,351
DB00957,351
DB00977,351
DB00982,351
DB01017,351
DB01395,351
DB00776,352
DB00794,352
DB00909,352
DB00996,352
DB01202,352
DB00273,353
DB01080,353
DB00163,354
DB00313,354
DB00382,354
DB00674,354
DB00843,354
DB00989,354
DB01043,354
DB00635,355
DB00860,355
DB00945,355
DB01611,355
DB00635,356
DB00860,356
DB00945,356
DB01611,356
DB00163,357
DB00382,357
DB00674,357
DB00843,357
DB00989,357
DB01037,357
DB01043,357
DB00253,358
DB00271,358
DB00283,358
DB00337,358
DB00341,358
DB00342,358
DB00394,358
DB00427,358
DB00434,358
DB00443,358
DB00455,358
DB00557,358
DB00588,358
DB00620,358
DB00635,358
DB00663,358
DB00719,358
DB00741,358
DB00748,358
DB00751,358
DB00759,358
DB00764,358
DB00768,358
DB00835,358
DB00852,358
DB00864,358
DB00873,358
DB00920,358
DB00950,358
DB00967,358
DB00972,358
DB01069,358
DB01071,358
DB01084,358
DB01106,358
DB01146,358
DB01234,358
DB01246,358
DB01410,358
DB01620,358
DB08799,358
DB08800,358
DB08801,358
DB08802,358
DB08803,358
DB08835,358
DB08906,358
DB00253,359
DB00271,359
DB00283,359
DB00337,359
DB00341,359
DB00342,359
DB00394,359
DB00427,359
DB00434,359
DB00443,359
DB00455,359
DB00557,359
DB00588,359
DB00620,359
DB00635,359
DB00663,359
DB00719,359
DB00741,359
DB00748,359
DB00751,359
DB00759,359
DB00764,359
DB00768,359
DB00835,359
DB00852,359
DB00864,359
DB00873,359
DB00920,359
DB00950,359
DB00967,359
DB00972,359
DB01069,359
DB01071,359
DB01084,359
DB01106,359
DB01146,359
DB01234,359
DB01246,359
DB01410,359
DB01620,359
DB08799,359
DB08800,359
DB08801,359
DB08802,359
DB08803,359
DB08835,359
DB08906,359
DB00398,360
DB00399,360
DB00441,360
DB00603,360
DB01005,360
DB01268,360
DB01590,360
DB06287,360
DB00182,361
DB00745,361
DB01440,361
DB00253,362
DB00271,362
DB00283,362
DB00337,362
DB00341,362
DB00342,362
DB00394,362
DB00427,362
DB00434,362
DB00443,362
DB00455,362
DB00557,362
DB00588,362
DB00620,362
DB00635,362
DB00663,362
DB00719,362
DB00741,362
DB00748,362
DB00751,362
DB00759,362
DB00764,362
DB00768,362
DB00835,362
DB00852,362
DB00864,362
DB00873,362
DB00920,362
DB00950,362
DB00967,362
DB00972,362
DB01069,362
DB01071,362
DB01084,362
DB01106,362
DB01146,362
DB01234,362
DB01246,362
DB01410,362
DB01620,362
DB08799,362
DB08800,362
DB08801,362
DB08802,362
DB08803,362
DB08835,362
DB08906,362
DB00583,363
DB00268,364
DB00323,364
DB00376,364
DB00387,364
DB00392,364
DB00413,364
DB00424,364
DB00494,364
DB00589,364
DB00714,364
DB00989,364
DB01037,364
DB01173,364
DB01186,364
DB01235,364
DB05271,364
DB00273,365
DB00313,365
DB00349,365
DB00555,365
DB01068,365
DB06201,365
DB00163,366
DB00434,366
DB01268,367
DB08896,367
DB00434,368
DB00163,369
DB00382,369
DB00674,369
DB00843,369
DB00989,369
DB01037,369
DB01043,369
DB00268,370
DB00323,370
DB00376,370
DB00387,370
DB00392,370
DB00413,370
DB00424,370
DB00494,370
DB00589,370
DB00714,370
DB00989,370
DB01037,370
DB01173,370
DB01186,370
DB01235,370
DB05271,370
DB00283,371
DB00341,371
DB00342,371
DB00394,371
DB00405,371
DB00427,371
DB00434,371
DB00455,371
DB00588,371
DB00620,371
DB00635,371
DB00719,371
DB00748,371
DB00764,371
DB00835,371
DB00852,371
DB00873,371
DB00950,371
DB00967,371
DB00972,371
DB01071,371
DB01106,371
DB01114,371
DB01146,371
DB01222,371
DB01237,371
DB01410,371
DB01620,371
DB08800,371
DB08801,371
DB08906,371
DB00200,372
DB00860,372
DB00181,373
DB01219,373
DB01065,374
DB00770,375
DB01050,375
DB00122,376
DB00328,376
DB00482,376
DB00500,376
DB00554,376
DB00573,376
DB00586,376
DB00605,376
DB00712,376
DB00749,376
DB00788,376
DB00814,376
DB00861,376
DB00945,376
DB00991,376
DB01009,376
DB01050,376
DB01068,376
DB01296,376
DB00216,377
DB00176,378
DB00273,378
DB00285,378
DB00472,378
DB00780,378
DB00216,379
DB00320,379
DB00669,379
DB00952,379
DB00953,379
DB00998,379
DB00216,380
DB00216,381
DB00204,382
DB00264,382
DB00308,382
DB00343,382
DB00390,382
DB00489,382
DB00575,382
DB00661,382
DB00682,382
DB00908,382
DB01035,382
DB01125,382
DB01136,382
DB01182,382
DB01195,382
DB00419,383
DB00419,384
DB00776,385
DB00794,385
DB00909,385
DB00996,385
DB01202,385
DB00776,386
DB00794,386
DB00909,386
DB00996,386
DB01202,386
DB00776,387
DB00794,387
DB00909,387
DB00996,387
DB01202,387
DB00776,388
DB00794,388
DB00909,388
DB00996,388
DB01202,388
DB00619,389
DB00268,390
DB00323,390
DB00376,390
DB00387,390
DB00392,390
DB00413,390
DB00424,390
DB00494,390
DB00589,390
DB00714,390
DB00989,390
DB01037,390
DB01173,390
DB01186,390
DB01235,390
DB05271,390
DB00163,391
DB00382,391
DB00674,391
DB00843,391
DB00989,391
DB01037,391
DB01043,391
DB00122,392
DB00141,392
DB00193,392
DB00328,392
DB00461,392
DB00469,392
DB00482,392
DB00500,392
DB00554,392
DB00573,392
DB00586,392
DB00605,392
DB00712,392
DB00749,392
DB00784,392
DB00788,392
DB00814,392
DB00861,392
DB00939,392
DB00945,392
DB00991,392
DB01009,392
DB01050,392
DB01068,392
DB01283,392
DB01296,392
DB01399,392
DB01628,392
DB00419,393
DB00167,394
DB00215,394
DB00433,394
DB00734,394
DB01065,395
DB00316,396
DB00318,396
DB00327,396
DB00388,396
DB00397,396
DB00514,396
DB00852,396
DB00868,396
DB00907,396
DB00956,396
DB01069,396
DB01075,396
DB01551,396
DB00776,397
DB00794,397
DB00909,397
DB00996,397
DB01202,397
DB01174,398
DB00236,399
DB00619,399
DB01008,399
DB01254,399
DB04865,399
DB04868,399
DB08901,399
DB01012,400
DB00227,401
DB00381,401
DB00722,401
DB00775,401
DB00790,401
DB00883,401
DB01020,401
DB00635,402
DB00860,402
DB00945,402
DB01611,402
DB00482,403
DB00204,404
DB00264,404
DB00308,404
DB00343,404
DB00390,404
DB00489,404
DB00661,404
DB00682,404
DB00908,404
DB01035,404
DB00177,405
DB00178,405
DB00187,405
DB00195,405
DB00206,405
DB00214,405
DB00226,405
DB00264,405
DB00270,405
DB00275,405
DB00310,405
DB00325,405
DB00343,405
DB00350,405
DB00373,405
DB00381,405
DB00401,405
DB00421,405
DB00436,405
DB00457,405
DB00492,405
DB00519,405
DB00521,405
DB00524,405
DB00542,405
DB00571,405
DB00575,405
DB00584,405
DB00590,405
DB00594,405
DB00598,405
DB00622,405
DB00657,405
DB00661,405
DB00678,405
DB00691,405
DB00692,405
DB00695,405
DB00722,405
DB00796,405
DB00800,405
DB00808,405
DB00876,405
DB00880,405
DB00881,405
DB00887,405
DB00903,405
DB00960,405
DB00966,405
DB00968,405
DB00999,405
DB01018,405
DB01023,405
DB01029,405
DB01088,405
DB01115,405
DB01136,405
DB01162,405
DB01170,405
DB01189,405
DB01193,405
DB01197,405
DB01203,405
DB01244,405
DB01258,405
DB01275,405
DB01359,405
DB04861,405
DB01065,406
DB00460,407
DB00699,407
DB00163,408
DB00382,408
DB00674,408
DB00843,408
DB00989,408
DB01037,408
DB01043,408
